﻿<parameters>
  <parameter name="IIS Web Application Name" defaultValue="TheSecondHome" tags="IisApp">
    <parameterEntry kind="ProviderPath" scope="IisApp" match="^C:\\Users\\Yang-Deng\\Desktop\\the2homeMVC\\MvcPWy\\obj\\Release\\Package\\PackageTmp$" />
    <parameterEntry kind="ProviderPath" scope="setAcl" match="^C:\\Users\\Yang-Deng\\Desktop\\the2homeMVC\\MvcPWy\\obj\\Release\\Package\\PackageTmp$" />
  </parameter>
  <parameter name="Add write permission to App_Data Folder" description="Add write permission to App_Data folder" defaultValue="{IIS Web Application Name}/App_Data" tags="Hidden">
    <parameterEntry kind="ProviderPath" scope="setAcl" match="^C:\\Users\\Yang-Deng\\Desktop\\the2homeMVC\\MvcPWy\\obj\\Release\\Package\\PackageTmp\\App_Data$" />
  </parameter>
  <parameter name="DefaultConnection-Web.config Connection String" defaultValue="Data Source=(LocalDb)\v11.0;AttachDbFilename=|DataDirectory|\aspnet-MvcPWy-20140807072429.mdf;Initial Catalog=aspnet-MvcPWy-20140807072429;Integrated Security=True">
    <parameterEntry kind="XmlFile" scope="C:\\Users\\Yang-Deng\\Desktop\\the2homeMVC\\MvcPWy\\obj\\Release\\Package\\PackageTmp\\Web\.config$" match="/configuration/connectionStrings/add[@name='DefaultConnection']/@connectionString" />
  </parameter>
</parameters>